year_month,monthly_sales,txn_count,total_quantity,unique_products,avg_unit_price,year,month,quarter,sales_lag_1,sales_lag_2,sales_lag_3,sales_lag_6,sales_roll_mean_3,sales_roll_mean_6,sales_roll_std_3
2021-04-01,59946030.623318,38,473.0,19,126695.72892781509,2021,4,2,61395413.61055671,43629726.505629845,56831807.12343062,4849600.0,53952315.74653906,44154287.45957153,9226240.432577929
2021-05-01,51639251.824329644,36,416.0,19,129656.98605903238,2021,5,2,59946030.623318,61395413.61055671,43629726.505629845,60165285.87942037,54990390.24650153,53337025.8967912,9865276.896052713
2021-06-01,60673564.95925982,39,434.0,16,138791.84235744772,2021,6,2,51639251.824329644,59946030.623318,61395413.61055671,38053891.63839166,57660232.01940145,51916020.22094274,5264440.107267759
2021-07-01,54782210.01468663,37,430.0,17,132002.94818919586,2021,7,3,60673564.95925982,51639251.824329644,59946030.623318,56831807.12343062,57419615.80230249,55685965.77442077,5019141.59402562
2021-08-01,52383097.36925349,34,382.0,18,133737.347681179,2021,8,3,54782210.01468663,60673564.95925982,51639251.824329644,43629726.505629845,55698342.26609203,55344366.256296776,4586303.21517688
2021-09-01,44776151.11300341,31,380.0,16,121014.71585524837,2021,9,3,52383097.36925349,54782210.01468663,60673564.95925982,61395413.61055671,55946290.78106665,56803261.40023404,4266060.974508949
2021-10-01,59744457.68366985,39,429.0,17,139317.80857342298,2021,10,4,44776151.11300341,52383097.36925349,54782210.01468663,59946030.623318,50647152.83231451,54033384.31730849,5224024.431650835
2021-11-01,62103231.070143074,36,430.0,16,142154.3294347554,2021,11,4,59744457.68366985,44776151.11300341,52383097.36925349,51639251.824329644,52301235.38864225,53999788.827367134,7484489.056459786
2021-12-01,39346249.49157172,22,301.0,13,132260.1329030858,2021,12,4,62103231.070143074,59744457.68366985,44776151.11300341,60673564.95925982,55541279.95560545,55743785.368336044,9397177.885969289
2022-01-01,65678927.663705766,32,433.0,18,145343.77537543845,2022,1,1,39346249.49157172,62103231.070143074,59744457.68366985,54782210.01468663,53731312.748461545,52189232.790388025,12513532.141275102
2022-02-01,53702477.52585946,31,395.0,14,137993.46559305402,2022,2,1,65678927.663705766,39346249.49157172,62103231.070143074,52383097.36925349,55709469.408473514,54005352.39855788,14283298.851069832
2022-03-01,44920781.93601289,29,314.0,17,140547.57290979542,2022,3,1,53702477.52585946,65678927.663705766,39346249.49157172,44776151.11300341,52909218.22704565,54225249.091325544,13184249.321279624
2022-04-01,60657289.84999866,37,457.0,16,138286.48068107196,2022,4,2,44920781.93601289,53702477.52585946,65678927.663705766,59744457.68366985,54767395.70852604,54249354.22849379,10419966.005936101
2022-05-01,63623247.05321542,37,460.0,17,138571.93190045148,2022,5,2,60657289.84999866,44920781.93601289,53702477.52585946,62103231.070143074,53093516.43729033,54401492.92288192,7885908.035050734
2022-06-01,59451293.316964686,46,432.0,18,132957.6999916169,2022,6,2,63623247.05321542,60657289.84999866,44920781.93601289,39346249.49157172,56400439.61307565,54654828.92006066,10051673.035855168
2022-07-01,52382298.01083478,31,381.0,15,138284.5806588793,2022,7,3,59451293.316964686,63623247.05321542,60657289.84999866,65678927.663705766,61243943.40672625,58005669.55762615,2146956.2853187276
2022-08-01,46330105.11210152,27,305.0,15,146811.4219699948,2022,8,3,52382298.01083478,59451293.316964686,63623247.05321542,53702477.52585946,58485612.79367163,55789564.61548098,5682353.2095558755
2022-09-01,55922086.48162657,37,387.0,18,139683.0489090438,2022,9,3,46330105.11210152,52382298.01083478,59451293.316964686,44920781.93601289,52721232.14663366,54560835.87985466,6567157.089499793
2022-10-01,70851526.2009369,46,528.0,16,132274.12954144395,2022,10,4,55922086.48162657,46330105.11210152,52382298.01083478,60657289.84999866,51544829.86818763,56394386.63745693,4850519.695433743
2022-11-01,52470897.10504534,31,417.0,18,127372.71046367471,2022,11,4,70851526.2009369,55922086.48162657,46330105.11210152,63623247.05321542,57701239.264888324,58093426.02927998,12357146.172301922
2022-12-01,47239034.787932694,37,344.0,13,136216.11251397445,2022,12,4,52470897.10504534,70851526.2009369,55922086.48162657,59451293.316964686,59748169.92920294,56234701.0379183,9769394.423455682
2023-01-01,44677463.65156088,37,367.0,17,124665.87855701314,2023,1,1,47239034.787932694,52470897.10504534,70851526.2009369,52382298.01083478,56853819.364638306,54199324.61641297,12401408.925300619
2023-02-01,65033226.1071986,37,454.0,17,139286.90191989092,2023,2,1,44677463.65156088,47239034.787932694,52470897.10504534,46330105.11210152,48129131.84817964,52915185.556533985,3972229.327590243
2023-03-01,53419042.43434991,29,394.0,16,138536.90903940744,2023,3,1,65033226.1071986,44677463.65156088,47239034.787932694,55922086.48162657,52316574.84889739,56032372.38905016,11087169.435460681
2023-04-01,55577276.99137568,29,401.0,16,137195.67843199594,2023,4,2,53419042.43434991,65033226.1071986,44677463.65156088,70851526.2009369,54376577.39770313,55615198.38117072,10211607.179681377
2023-05-01,68564778.37862259,40,534.0,17,137378.77811716928,2023,5,2,55577276.99137568,53419042.43434991,65033226.1071986,52470897.10504534,58009848.51097473,53069490.179577194,6177407.93093181
2023-06-01,59230211.30798754,36,464.0,17,129965.69643381643,2023,6,2,68564778.37862259,55577276.99137568,53419042.43434991,47239034.787932694,59187032.60144939,55751803.72517339,8192745.632372089
2023-07-01,59325543.1006556,38,462.0,18,128083.82124208838,2023,7,3,59230211.30798754,68564778.37862259,55577276.99137568,44677463.65156088,61124088.89266193,57750333.14518253,6697677.007756772
2023-08-01,67133786.76491185,37,472.0,16,141011.38370182266,2023,8,3,59325543.1006556,59230211.30798754,68564778.37862259,65033226.1071986,62373510.92908857,60191679.72003165,5362006.761597501
2023-09-01,54714919.34452881,27,400.0,17,136414.5740024255,2023,9,3,67133786.76491185,59325543.1006556,59230211.30798754,53419042.43434991,61896513.72451833,60541773.16298386,4535861.959142644
2023-10-01,52453688.00044553,29,385.0,15,139750.32159065158,2023,10,4,54714919.34452881,67133786.76491185,59325543.1006556,55577276.99137568,60391416.40336541,60757752.64801368,6277669.266880382
2023-11-01,59113417.34712998,36,444.0,19,136133.49579969668,2023,11,4,52453688.00044553,54714919.34452881,67133786.76491185,68564778.37862259,58100798.03662872,60237154.48285866,7904078.429635753
2023-12-01,73054489.92913856,40,510.0,18,141063.60789493585,2023,12,4,59113417.34712998,52453688.00044553,54714919.34452881,59230211.30798754,55427341.56403477,58661927.64427655,3386540.684371983
2024-01-01,63112672.80561796,41,494.0,17,128011.65195482757,2024,1,1,73054489.92913856,59113417.34712998,52453688.00044553,59325543.1006556,61540531.758904696,60965974.08113506,10512679.168613177
2024-02-01,36942641.28037523,25,262.0,15,137797.4704033288,2024,2,1,63112672.80561796,73054489.92913856,59113417.34712998,67133786.76491185,65093526.693962164,61597162.36529545,7178524.415186832
2024-03-01,67491705.06580363,37,485.0,16,136998.0052341069,2024,3,1,36942641.28037523,63112672.80561796,73054489.92913856,54714919.34452881,57703268.005043924,56565304.78453934,18653756.95215718
2024-04-01,34372097.81619052,21,256.0,15,134739.2894903903,2024,4,2,67491705.06580363,36942641.28037523,63112672.80561796,52453688.00044553,55849006.38393227,58694769.07141849,16519139.261949645
2024-05-01,52954740.57927646,31,397.0,18,141395.02670786917,2024,5,2,34372097.81619052,67491705.06580363,36942641.28037523,59113417.34712998,46268814.72078979,55681170.70737598,18424446.514690127
2024-06-01,64273013.087767474,40,473.0,18,139245.09277798884,2024,6,2,52954740.57927646,34372097.81619052,67491705.06580363,73054489.92913856,51606181.153756864,54654724.57940039,16600935.379829496
2024-07-01,44198880.060138926,25,327.0,13,135158.7543254971,2024,7,3,64273013.087767474,52954740.57927646,34372097.81619052,63112672.80561796,50533283.82774482,53191145.105838545,15096813.343191328
2024-08-01,44404149.46650953,31,360.0,18,126499.0358950625,2024,8,3,44198880.060138926,64273013.087767474,52954740.57927646,36942641.28037523,53808877.909060955,50038846.31492537,10064286.717712803
2024-09-01,53946625.24991471,29,382.0,19,137759.25982521038,2024,9,3,44404149.46650953,44198880.060138926,64273013.087767474,67491705.06580363,50958680.87147197,51282431.01261442,11531006.706125494
2024-10-01,35326608.078281835,23,298.0,15,119387.6781100326,2024,10,4,53946625.24991471,44404149.46650953,44198880.060138926,34372097.81619052,47516551.592187725,49024917.70996627,5569552.882875251
